hh_id,gender,mar_status,rel_rating,age,education,hh_income,empl_status,hh_internet
0,1,1,1,51,12,14,1,1
0,2,1,1,53,9,14,1,1
1,1,1,1,57,11,15,1,1
1,2,1,1,57,9,15,1,1
2,1,1,1,60,12,14,1,1
2,2,1,1,57,10,14,1,1
3,1,1,1,62,9,10,2,1
3,2,1,1,59,9,10,1,1
4,1,1,2,53,10,17,7,1
4,2,1,2,61,10,17,5,1
5,1,1,2,34,12,16,3,1
5,2,1,2,32,12,16,4,1
6,1,1,1,54,12,14,6,1
6,2,1,2,47,13,14,2,1
7,1,1,2,47,11,13,1,1
7,2,1,2,44,9,13,7,1
8,1,1,1,52,13,17,1,1
8,2,1,2,51,12,17,1,1
9,1,1,1,58,10,18,5,1
9,2,1,1,59,13,18,1,1
10,1,1,2,48,14,16,1,1
10,2,1,2,47,12,16,1,1
11,1,1,1,55,9,12,1,1
11,2,1,2,47,10,12,7,1
12,1,1,2,52,12,12,4,1
12,2,1,2,53,9,12,1,1
13,1,1,2,27,9,11,1,1
13,2,1,1,28,9,11,1,1
14,1,1,1,45,12,16,1,1
14,2,1,1,44,12,16,2,1
15,1,1,1,58,14,16,1,1
15,2,1,1,52,12,16,1,1
16,1,1,1,59,11,19,1,1
16,2,1,1,57,12,19,1,1
17,1,1,1,57,13,16,1,1
17,2,1,1,48,9,16,7,1
18,1,1,2,44,9,12,1,0
18,2,1,1,46,4,12,2,0
19,1,1,1,39,12,15,1,1
19,2,1,1,38,12,15,2,1
20,1,1,1,48,9,14,1,1
20,2,1,2,43,9,14,1,1
21,1,1,2,50,11,16,1,1
21,2,1,2,49,13,16,6,1
22,1,1,2,44,12,14,1,1
22,2,1,2,46,13,14,7,1
23,1,1,2,62,12,14,5,1
23,2,1,2,58,12,14,5,1
24,1,1,2,41,11,14,1,1
24,2,1,1,39,12,14,1,1
25,1,2,1,58,11,11,6,1
25,2,2,1,55,9,11,5,1
26,1,1,1,30,9,8,1,1
26,2,1,1,29,9,8,7,1
27,1,1,2,44,12,15,1,1
27,2,1,1,44,13,15,1,1
28,1,1,1,49,11,13,2,1
28,2,1,2,49,10,13,1,1
29,1,2,1,40,10,18,1,1
29,2,2,2,47,11,18,1,1
30,1,1,1,46,9,11,1,1
30,2,1,1,41,9,11,7,1
31,1,1,1,32,11,19,1,1
31,2,1,1,39,11,19,1,1
32,1,1,1,54,13,13,1,1
32,2,1,1,56,11,13,2,1
33,1,1,2,53,9,16,4,1
33,2,1,1,49,10,16,1,1
34,1,1,1,42,10,14,1,1
34,2,1,1,47,10,14,1,1
35,1,1,1,56,12,9,1,1
35,2,1,1,59,10,9,2,1
36,1,1,1,53,13,15,1,1
36,2,1,1,45,11,15,4,1
37,1,1,1,53,12,12,1,1
37,2,1,2,49,12,12,2,1
38,1,1,2,57,10,19,1,1
38,2,1,1,52,10,19,1,1
39,1,1,4,34,10,16,1,1
39,2,1,1,29,9,16,7,1
40,1,1,2,64,9,13,2,1
40,2,1,2,63,10,13,1,1
41,1,2,1,56,10,13,1,1
41,2,2,1,56,12,13,2,1
42,1,1,1,46,9,12,6,1
42,2,1,1,51,9,12,1,1
43,1,1,1,58,10,13,5,1
43,2,1,2,58,10,13,5,1
44,1,1,1,50,9,13,1,1
44,2,1,1,60,10,13,1,1
45,1,1,2,56,9,4,6,1
45,2,1,2,59,9,4,6,1
46,1,1,1,49,9,17,1,1
46,2,1,1,48,10,17,1,1
47,1,1,1,52,12,17,1,1
47,2,1,1,50,12,17,1,1
48,1,1,2,33,12,17,1,1
48,2,1,1,28,12,17,1,1
49,1,2,1,55,10,11,1,1
49,2,2,1,55,9,11,1,1
50,1,1,1,61,10,14,1,1
50,2,1,1,62,9,14,1,1
51,1,1,2,57,10,13,1,1
51,2,1,1,56,12,13,1,1
52,1,2,4,41,10,17,1,1
52,2,2,4,47,10,17,1,1
53,1,2,1,27,11,14,1,1
53,2,2,2,20,9,14,7,1
54,1,1,1,59,13,13,1,0
54,2,1,1,62,12,13,1,0
55,1,1,2,61,10,14,1,1
55,2,1,2,62,8,14,5,1
56,1,1,4,51,10,10,6,1
56,2,1,2,44,9,10,1,1
57,1,1,1,49,9,14,1,1
57,2,1,1,45,9,14,1,1
58,1,1,1,55,12,17,1,1
58,2,1,1,59,13,17,1,1
59,1,1,2,35,9,11,3,1
59,2,1,1,34,9,11,1,1
60,1,1,2,53,9,14,1,1
60,2,1,1,47,13,14,1,1
61,1,1,2,36,10,15,1,1
61,2,1,2,41,13,15,1,1
62,1,1,2,40,9,11,1,1
62,2,1,1,43,9,11,7,1
63,1,1,1,38,9,13,1,1
63,2,1,1,39,7,13,7,1
64,1,2,2,47,9,16,1,1
64,2,2,2,45,8,16,6,1
65,1,1,1,42,10,15,1,1
65,2,1,1,41,9,15,1,1
66,1,1,1,49,9,13,1,1
66,2,1,2,51,10,13,1,1
67,1,1,2,59,11,16,1,1
67,2,1,2,58,10,16,1,1
68,1,1,2,53,12,16,1,1
68,2,1,1,53,13,16,1,1
69,1,1,1,44,9,15,1,1
69,2,1,1,42,9,15,7,1
70,1,1,1,34,11,14,1,1
70,2,1,1,32,13,14,1,1
71,1,1,2,40,4,15,1,1
71,2,1,3,34,12,15,1,1
72,1,1,1,53,10,15,1,1
72,2,1,1,53,9,15,7,1
73,1,1,1,41,11,15,1,1
73,2,1,1,39,13,15,1,1
74,1,1,1,55,11,19,1,1
74,2,1,1,48,13,19,1,1
75,1,2,1,57,10,14,6,1
75,2,2,1,57,10,14,1,1
76,1,1,2,37,13,13,1,1
76,2,1,2,36,12,13,2,1
77,1,1,1,56,10,7,1,1
77,2,1,3,50,10,7,4,1
78,1,2,2,44,10,14,1,1
78,2,2,2,43,9,14,1,1
79,1,2,1,30,12,11,4,1
79,2,2,1,29,10,11,1,1
80,1,1,1,63,12,14,5,1
80,2,1,1,61,10,14,7,1
81,1,1,1,44,12,16,1,1
81,2,1,2,36,10,16,7,1
82,1,2,1,45,9,7,6,1
82,2,2,1,40,10,7,1,1
83,1,1,1,34,10,16,1,1
83,2,1,2,35,12,16,1,1
84,1,2,1,48,10,15,2,1
84,2,2,1,45,10,15,2,1
85,1,1,1,39,12,16,1,1
85,2,1,1,34,14,16,1,1
86,1,1,4,38,13,15,1,1
86,2,1,4,34,12,15,1,1
87,1,1,2,51,4,13,1,1
87,2,1,1,51,9,13,1,1
88,1,1,1,42,11,13,1,1
88,2,1,1,43,9,13,7,1
89,1,1,1,58,10,15,2,1
89,2,1,1,57,12,15,1,1
90,1,1,1,61,14,18,5,1
90,2,1,1,60,13,18,1,1
91,1,1,1,59,12,13,6,1
91,2,1,1,59,13,13,5,1
92,1,1,1,41,13,19,1,1
92,2,1,1,38,12,19,7,1
93,1,1,1,37,14,19,1,1
93,2,1,1,36,12,19,1,1
94,1,1,4,39,12,15,1,1
94,2,1,2,37,11,15,1,1
95,1,1,1,46,10,18,2,1
95,2,1,1,44,11,18,1,1
96,1,1,1,61,14,16,2,1
96,2,1,2,59,11,16,1,1
97,1,1,1,55,11,16,1,1
97,2,1,1,55,9,16,7,1
98,1,1,1,59,9,16,1,1
98,2,1,1,53,9,16,1,1
99,1,1,1,35,9,12,1,1
99,2,1,1,32,10,12,7,1
100,1,1,1,27,10,13,1,1
100,2,1,1,29,11,13,1,1
101,1,2,1,61,13,14,7,1
101,2,2,1,62,10,14,2,1
102,1,1,1,54,11,12,2,1
102,2,1,1,50,11,12,1,1
103,1,1,1,63,7,11,1,1
103,2,1,1,61,7,11,1,1
104,1,1,1,49,9,16,1,1
104,2,1,1,49,14,16,2,1
105,1,1,1,55,9,11,2,1
105,2,1,1,55,11,11,2,1
106,1,1,1,52,12,19,1,1
106,2,1,2,50,13,19,1,1
107,1,1,1,53,9,8,6,1
107,2,1,2,52,11,8,7,1
108,1,1,1,56,11,12,1,1
108,2,1,2,49,9,12,7,1
109,1,1,1,50,13,16,1,1
109,2,1,1,49,13,16,1,1
110,1,1,1,56,9,12,1,1
110,2,1,1,51,9,12,1,1
111,1,1,1,54,12,16,1,1
111,2,1,1,58,9,16,5,1
112,1,1,2,51,9,14,4,1
112,2,1,2,53,10,14,1,1
113,1,1,3,44,9,11,2,1
113,2,1,2,38,12,11,1,1
114,1,1,1,42,11,14,1,1
114,2,1,1,40,11,14,1,1
115,1,1,2,44,9,16,1,1
115,2,1,3,45,9,16,1,1
116,1,1,1,54,11,13,1,1
116,2,1,2,56,9,13,1,1
117,1,1,2,43,12,14,2,1
117,2,1,2,41,13,14,1,1
118,1,1,2,36,10,14,1,1
118,2,1,2,40,10,14,7,1
119,1,1,1,53,13,18,1,1
119,2,1,1,55,12,18,1,1
120,1,1,2,40,9,12,1,1
120,2,1,2,36,9,12,1,1
121,1,1,1,52,10,15,1,1
121,2,1,1,43,12,15,1,1
122,1,1,4,40,10,8,1,1
122,2,1,5,43,10,8,1,1
123,1,1,1,56,12,16,1,1
123,2,1,1,60,11,16,1,1
124,1,1,1,52,10,3,6,1
124,2,1,1,48,10,3,7,1
125,1,1,5,37,9,12,4,1
125,2,1,5,30,10,12,1,1
126,1,1,1,40,12,13,1,1
126,2,1,1,32,12,13,1,1
127,1,1,1,30,10,9,1,1
127,2,1,2,26,10,9,2,1
128,1,1,1,35,10,13,1,1
128,2,1,1,33,11,13,1,1
129,1,1,2,42,11,8,4,1
129,2,1,1,39,10,8,6,1
130,1,1,1,55,10,13,1,1
130,2,1,1,55,9,13,1,1
131,1,1,2,39,9,15,1,1
131,2,1,1,37,10,15,1,1
132,1,1,1,46,12,16,1,1
132,2,1,1,46,13,16,1,1
133,1,1,1,49,9,15,1,1
133,2,1,1,48,9,15,5,1
134,1,1,1,55,9,14,1,1
134,2,1,1,47,9,14,2,1
135,1,1,1,55,10,12,1,1
135,2,1,1,49,12,12,4,1
136,1,1,1,38,9,13,2,1
136,2,1,2,34,9,13,7,1
137,1,1,3,43,9,10,1,1
137,2,1,3,39,4,10,4,1
138,1,1,1,42,12,12,1,1
138,2,1,1,32,12,12,1,1
139,1,1,1,33,12,15,1,1
139,2,1,2,31,12,15,7,1
140,1,1,2,54,12,12,1,1
140,2,1,1,52,10,12,1,1
141,1,1,1,56,13,7,4,1
141,2,1,1,54,12,7,4,1
142,1,1,1,60,9,17,5,1
142,2,1,3,55,12,17,1,1
143,1,1,1,46,9,12,1,1
143,2,1,2,46,10,12,1,1
144,1,1,1,26,12,12,1,1
144,2,1,1,25,10,12,1,1
145,1,1,1,46,10,12,4,1
145,2,1,2,49,10,12,7,1
146,1,1,1,54,13,17,5,1
146,2,1,1,54,11,17,1,1
147,1,1,2,47,10,17,1,1
147,2,1,1,53,12,17,1,1
148,1,1,1,46,12,16,1,1
148,2,1,2,47,13,16,1,1
149,1,1,1,53,9,13,1,1
149,2,1,2,53,9,13,7,1
150,1,2,2,59,12,9,6,0
150,2,2,1,54,9,9,3,0
151,1,1,4,58,12,12,1,1
151,2,1,2,57,12,12,1,1
152,1,1,2,38,12,15,1,1
152,2,1,1,31,11,15,7,1
153,1,1,1,43,9,14,1,1
153,2,1,1,37,11,14,7,1
154,1,1,1,63,11,12,2,1
154,2,1,1,61,11,12,5,1
155,1,2,1,53,11,12,1,1
155,2,2,2,49,12,12,4,1
156,1,1,1,29,10,14,1,1
156,2,1,2,23,10,14,1,1
157,1,1,1,60,13,14,1,1
157,2,1,1,62,10,14,7,1
158,1,1,2,39,10,16,1,1
158,2,1,1,41,10,16,1,1
159,1,1,2,44,7,13,1,1
159,2,1,2,39,8,13,1,1
160,1,1,1,51,13,14,1,0
160,2,1,1,51,10,14,7,0
161,1,1,1,31,11,16,1,1
161,2,1,1,30,12,16,2,1
162,1,1,1,51,9,12,1,1
162,2,1,1,54,9,12,7,1
163,1,1,1,40,12,15,1,1
163,2,1,2,42,12,15,7,1
164,1,1,2,56,9,7,6,1
164,2,1,3,57,9,7,2,1
165,1,1,1,45,12,16,1,1
165,2,1,1,45,12,16,1,1
166,1,1,2,44,9,17,1,1
166,2,1,2,45,9,17,7,1
167,1,1,1,53,9,14,1,1
167,2,1,1,52,11,14,1,1
168,1,2,1,42,10,11,1,1
168,2,2,2,38,11,11,4,1
169,1,1,2,29,11,13,1,1
169,2,1,2,30,12,13,1,1
170,1,1,1,55,9,5,1,1
170,2,1,2,63,9,5,1,1
171,1,1,1,49,9,7,3,1
171,2,1,1,45,11,7,7,1
172,1,1,1,49,10,13,1,1
172,2,1,2,49,11,13,7,1
173,1,1,1,57,9,11,1,1
173,2,1,1,56,9,11,5,1
174,1,1,1,39,9,16,6,1
174,2,1,1,34,13,16,1,1
175,1,1,2,56,10,9,2,1
175,2,1,2,55,10,9,1,1
176,1,1,1,60,10,12,1,1
176,2,1,1,60,10,12,1,1
177,1,1,2,52,9,16,2,1
177,2,1,1,46,9,16,1,1
178,1,1,2,39,13,11,1,1
178,2,1,2,42,12,11,7,1
179,1,1,1,28,12,13,1,1
179,2,1,2,27,10,13,2,1
180,1,1,1,57,12,16,5,1
180,2,1,2,63,14,16,1,1
181,1,1,1,56,9,16,6,1
181,2,1,2,48,11,16,1,1
182,1,2,1,55,10,17,2,1
182,2,2,1,54,9,17,1,1
183,1,1,1,48,10,11,6,0
183,2,1,1,55,9,11,6,0
184,1,1,1,62,12,8,1,0
184,2,1,1,58,10,8,7,0
185,1,1,2,35,13,14,1,1
185,2,1,1,34,12,14,7,1
186,1,1,2,38,11,13,1,1
186,2,1,1,38,14,13,7,1
187,1,1,1,36,9,15,1,1
187,2,1,1,37,10,15,1,1
188,1,1,3,40,13,18,1,1
188,2,1,1,41,12,18,1,1
189,1,1,1,57,12,15,1,1
189,2,1,1,55,12,15,1,1
190,1,1,1,43,13,16,1,1
190,2,1,1,42,13,16,7,1
191,1,1,1,29,10,7,7,1
191,2,1,1,30,12,7,7,1
192,1,1,1,55,11,13,1,1
192,2,1,1,55,9,13,1,1
193,1,1,1,61,11,16,2,1
193,2,1,1,59,10,16,1,1
194,1,1,1,60,9,18,5,1
194,2,1,1,63,9,18,3,1
195,1,1,1,48,12,12,1,0
195,2,1,1,48,12,12,7,0
196,1,1,1,40,14,12,1,1
196,2,1,1,38,14,12,7,1
197,1,1,1,51,10,13,1,1
197,2,1,1,59,11,13,5,1
198,1,1,2,58,9,14,1,1
198,2,1,2,56,10,14,6,1
199,1,1,2,32,12,15,1,1
199,2,1,1,29,12,15,4,1
200,1,1,2,53,10,7,6,1
200,2,1,2,51,7,7,7,1
201,1,1,1,54,13,19,1,1
201,2,1,1,52,10,19,1,1
202,1,1,1,41,9,8,6,1
202,2,1,2,43,10,8,1,1
203,1,1,1,31,11,16,1,1
203,2,1,1,31,11,16,1,1
204,1,1,2,40,5,12,1,1
204,2,1,2,48,10,12,7,1
205,1,1,2,63,4,5,7,1
205,2,1,2,61,9,5,6,1
206,1,1,2,48,9,11,3,1
206,2,1,2,48,10,11,1,1
207,1,1,2,60,7,7,3,0
207,2,1,1,53,9,7,6,0
208,1,1,1,38,11,14,1,1
208,2,1,2,38,12,14,2,1
209,1,1,4,51,12,11,2,1
209,2,1,4,48,11,11,2,1
210,1,1,1,64,10,15,5,1
210,2,1,1,58,10,15,7,1
211,1,1,2,43,10,14,2,1
211,2,1,2,41,11,14,1,1
212,1,1,2,35,12,8,3,1
212,2,1,2,35,12,8,4,1
213,1,1,1,58,13,16,5,1
213,2,1,1,54,12,16,5,1
214,1,1,1,55,14,14,1,1
214,2,1,1,46,12,14,7,1
215,1,1,2,58,12,18,1,1
215,2,1,1,55,9,18,1,1
216,1,1,1,37,13,19,1,1
216,2,1,1,34,12,19,1,1
217,1,1,1,43,11,11,1,0
217,2,1,1,38,3,11,7,0
218,1,1,1,54,10,6,6,1
218,2,1,1,45,6,6,1,1
219,1,1,1,54,12,15,1,1
219,2,1,1,53,12,15,7,1
220,1,2,5,62,10,12,1,1
220,2,2,2,58,11,12,1,1
221,1,2,4,27,9,14,4,1
221,2,2,5,29,10,14,1,1
222,1,1,1,53,9,6,6,1
222,2,1,1,57,9,6,1,1
223,1,1,1,62,12,13,2,1
223,2,1,1,62,11,13,1,1
224,1,1,1,37,13,15,1,1
224,2,1,2,38,10,15,7,1
225,1,1,1,57,2,4,6,1
225,2,1,2,53,9,4,6,1
226,1,1,1,33,13,16,1,1
226,2,1,2,31,12,16,7,1
227,1,1,1,33,13,11,7,1
227,2,1,1,30,14,11,1,1
228,1,1,2,39,9,8,1,1
228,2,1,2,38,10,8,1,1
229,1,1,1,53,9,13,1,1
229,2,1,1,49,9,13,2,1
230,1,1,1,43,13,17,1,1
230,2,1,2,40,12,17,1,1
231,1,2,2,55,6,7,1,0
231,2,2,2,47,9,7,7,0
232,1,1,1,39,14,19,1,1
232,2,1,1,38,12,19,1,1
233,1,1,1,53,12,14,1,1
233,2,1,1,54,13,14,1,1
234,1,1,2,31,12,11,1,1
234,2,1,2,30,9,11,1,1
235,1,1,1,39,12,15,1,1
235,2,1,1,38,11,15,7,1
236,1,1,1,43,9,16,2,1
236,2,1,1,44,9,16,7,1
237,1,1,1,57,10,15,1,1
237,2,1,1,55,9,15,7,1
238,1,1,2,46,10,18,1,1
238,2,1,1,51,13,18,1,1
239,1,1,2,54,9,14,1,1
239,2,1,2,54,9,14,2,1
240,1,2,1,33,12,15,1,1
240,2,2,1,32,11,15,1,1
241,1,2,3,52,9,8,1,0
241,2,2,3,53,9,8,1,0
242,1,1,2,63,13,16,5,1
242,2,1,2,63,13,16,5,1
243,1,1,2,40,12,14,1,1
243,2,1,1,36,10,14,7,1
244,1,1,1,60,13,15,1,1
244,2,1,1,56,12,15,7,1
245,1,1,1,52,11,16,1,1
245,2,1,1,52,13,16,1,1
246,1,1,1,45,9,15,1,1
246,2,1,1,43,12,15,7,1
247,1,1,1,56,13,17,1,1
247,2,1,1,57,10,17,2,1
248,1,1,1,47,9,7,2,1
248,2,1,1,38,9,7,2,1
249,1,1,2,46,9,16,2,1
249,2,1,1,43,9,16,7,1
250,1,2,3,43,9,7,2,1
250,2,2,3,40,9,7,6,1
251,1,1,1,55,10,15,2,1
251,2,1,2,55,9,15,1,1
252,1,1,1,61,5,6,6,1
252,2,1,1,55,9,6,6,1
253,1,1,2,53,10,19,1,1
253,2,1,1,44,13,19,1,1
254,1,1,1,33,11,15,1,1
254,2,1,1,28,10,15,1,1
255,1,1,1,43,11,17,1,1
255,2,1,1,43,13,17,1,1
256,1,1,3,41,12,12,1,1
256,2,1,1,39,12,12,6,1
257,1,1,1,41,10,15,1,1
257,2,1,2,34,11,15,7,1
258,1,1,1,34,10,15,1,1
258,2,1,2,34,12,15,1,1
259,1,1,1,57,12,18,5,1
259,2,1,1,52,10,18,7,1
260,1,2,1,47,13,10,2,1
260,2,2,1,42,12,10,2,1
261,1,1,1,55,13,19,2,1
261,2,1,1,51,11,19,1,1
262,1,1,1,44,12,17,2,1
262,2,1,2,34,11,17,2,1
263,1,1,2,39,12,13,1,1
263,2,1,1,37,12,13,1,1
264,1,2,2,51,9,13,1,1
264,2,2,1,53,11,13,1,1
265,1,1,1,38,10,15,2,1
265,2,1,2,31,9,15,6,1
266,1,1,2,48,9,13,1,1
266,2,1,2,48,10,13,1,1
267,1,1,2,48,13,18,1,1
267,2,1,2,38,12,18,1,1
268,1,1,1,51,13,17,1,1
268,2,1,1,51,13,17,1,1
269,1,1,1,53,9,12,2,1
269,2,1,1,48,9,12,1,1
270,1,1,1,58,10,16,2,1
270,2,1,1,56,13,16,1,1
271,1,1,1,45,9,16,1,1
271,2,1,1,46,9,16,1,1
272,1,2,2,62,13,19,1,1
272,2,2,2,52,13,19,1,1
273,1,1,2,42,13,17,1,1
273,2,1,1,41,12,17,1,1
274,1,1,2,63,13,13,5,1
274,2,1,2,64,13,13,5,1
275,1,1,1,51,9,12,4,1
275,2,1,1,55,11,12,4,1
276,1,1,1,60,9,8,1,1
276,2,1,1,59,10,8,1,1
277,1,1,1,64,14,19,1,1
277,2,1,1,60,11,19,1,1
278,1,1,2,57,11,3,5,1
278,2,1,4,53,9,3,5,1
279,1,1,1,63,9,12,5,1
279,2,1,2,63,9,12,5,1
280,1,2,2,21,8,14,2,1
280,2,2,2,19,10,14,3,1
281,1,1,2,53,9,8,6,1
281,2,1,2,43,12,8,1,1
282,1,1,2,45,9,13,2,1
282,2,1,1,41,10,13,1,1
283,1,1,1,39,12,15,1,1
283,2,1,1,38,13,15,1,1
284,1,1,1,49,12,13,1,1
284,2,1,1,50,12,13,7,1
285,1,1,1,37,13,14,1,1
285,2,1,1,33,13,14,1,1
286,1,1,1,52,10,13,2,1
286,2,1,2,52,10,13,1,1
287,1,1,1,47,12,13,1,0
287,2,1,1,51,10,13,2,0
288,1,1,3,57,9,7,6,1
288,2,1,5,48,6,7,4,1
289,1,1,1,61,9,13,1,1
289,2,1,1,55,9,13,7,1
290,1,1,2,59,11,18,1,1
290,2,1,2,60,11,18,1,1
291,1,1,1,48,12,16,4,1
291,2,1,1,42,12,16,1,1
292,1,1,1,42,9,13,1,1
292,2,1,1,40,14,13,1,1
293,1,2,2,55,10,13,4,1
293,2,2,2,54,10,13,4,1
294,1,1,1,53,13,14,1,1
294,2,1,1,52,10,14,1,1
295,1,1,2,32,12,15,1,1
295,2,1,1,31,12,15,7,1
296,1,1,2,61,10,13,5,0
296,2,1,1,60,10,13,5,0
297,1,1,1,59,12,13,1,1
297,2,1,1,57,12,13,2,1
298,1,1,2,62,13,15,5,1
298,2,1,1,57,11,15,1,1
299,1,1,1,35,9,12,1,1
299,2,1,1,44,9,12,1,1
300,1,1,2,39,14,17,1,1
300,2,1,1,34,13,17,1,1
301,1,1,1,54,9,16,1,1
301,2,1,1,52,12,16,1,1
302,1,1,1,58,9,19,1,1
302,2,1,1,55,11,19,1,1
303,1,1,1,41,10,11,1,1
303,2,1,1,35,10,11,1,1
304,1,1,1,62,11,13,5,1
304,2,1,1,62,9,13,1,1
305,1,1,1,53,9,14,1,1
305,2,1,1,52,12,14,1,1
306,1,1,1,51,10,14,6,1
306,2,1,1,45,9,14,1,1
307,1,1,1,55,11,12,1,1
307,2,1,1,48,10,12,7,1
308,1,1,1,34,11,13,1,1
308,2,1,1,31,10,13,1,1
309,1,1,1,53,9,13,2,1
309,2,1,2,54,10,13,7,1
310,1,1,2,36,12,16,1,1
310,2,1,1,31,12,16,1,1
311,1,1,1,57,9,11,1,0
311,2,1,1,62,12,11,5,0
312,1,1,1,43,13,16,1,1
312,2,1,1,39,12,16,1,1
313,1,1,1,51,10,16,1,1
313,2,1,1,49,10,16,4,1
314,1,2,1,62,10,14,7,1
314,2,2,1,62,12,14,5,1
315,1,1,1,55,9,16,1,1
315,2,1,1,54,10,16,1,1
316,1,2,1,51,10,18,2,1
316,2,2,1,47,10,18,2,1
317,1,1,1,32,12,10,1,1
317,2,1,1,31,10,10,1,1
318,1,1,1,51,9,15,1,1
318,2,1,1,60,10,15,1,1
319,1,1,2,37,9,14,1,1
319,2,1,1,38,10,14,1,1
320,1,1,1,51,8,17,1,1
320,2,1,4,44,9,17,1,1
321,1,1,2,52,12,14,2,1
321,2,1,1,52,10,14,1,1
322,1,1,1,54,10,5,2,0
322,2,1,1,52,10,5,2,0
323,1,1,1,53,8,10,1,1
323,2,1,1,59,9,10,6,1
324,1,1,1,52,9,15,1,1
324,2,1,1,44,9,15,1,1
325,1,1,1,38,10,13,2,1
325,2,1,1,38,12,13,1,1
326,1,1,2,55,5,6,4,1
326,2,1,2,51,11,6,6,1
327,1,1,1,28,11,14,1,1
327,2,1,1,27,12,14,1,1
328,1,1,1,53,9,15,1,1
328,2,1,1,58,10,15,1,1
329,1,2,1,63,14,19,1,1
329,2,2,2,54,10,19,1,1
330,1,2,1,43,7,14,1,1
330,2,2,3,45,10,14,1,1
331,1,1,1,37,12,18,1,1
331,2,1,2,38,13,18,1,1
332,1,1,1,35,12,13,1,1
332,2,1,1,34,12,13,3,1
333,1,1,1,39,9,11,2,1
333,2,1,1,39,5,11,4,1
334,1,2,2,50,12,16,1,1
334,2,2,2,50,12,16,1,1
335,1,1,1,59,9,16,5,1
335,2,1,1,53,12,16,1,1
336,1,1,1,36,9,13,2,1
336,2,1,4,36,9,13,1,1
337,1,1,1,53,10,15,1,1
337,2,1,1,49,10,15,1,1
338,1,1,1,35,12,13,1,1
338,2,1,1,33,12,13,7,1
339,1,1,1,45,9,15,3,1
339,2,1,1,46,11,15,1,1
340,1,1,2,53,12,13,2,1
340,2,1,2,49,14,13,1,1
341,1,1,1,45,13,15,2,1
341,2,1,1,46,13,15,2,1
342,1,1,2,47,12,19,1,1
342,2,1,2,44,12,19,1,1
343,1,2,1,60,12,16,5,1
343,2,2,1,56,10,16,1,1
344,1,1,1,42,13,9,1,1
344,2,1,1,39,13,9,2,1
345,1,1,1,52,13,13,1,1
345,2,1,1,52,10,13,1,1
346,1,1,1,53,11,15,1,1
346,2,1,1,62,10,15,5,1
347,1,1,2,45,12,17,1,1
347,2,1,2,44,12,17,1,1
348,1,2,2,31,9,10,1,1
348,2,2,4,34,8,10,2,1
349,1,1,1,57,12,13,1,1
349,2,1,1,54,10,13,1,1
350,1,1,1,31,12,14,1,1
350,2,1,1,32,10,14,7,1
351,1,1,1,52,9,17,3,1
351,2,1,2,43,14,17,1,1
352,1,1,1,60,12,17,1,1
352,2,1,1,60,10,17,1,1
353,1,2,1,27,9,13,1,1
353,2,2,1,24,12,13,4,1
354,1,1,1,50,10,13,1,1
354,2,1,1,48,8,13,1,1
355,1,1,1,27,10,10,1,1
355,2,1,2,36,11,10,1,1
356,1,1,1,41,13,19,1,1
356,2,1,1,35,12,19,1,1
357,1,1,2,55,10,16,1,1
357,2,1,1,57,10,16,4,1
358,1,1,1,63,9,17,1,1
358,2,1,2,61,13,17,1,1
359,1,1,1,44,9,12,2,1
359,2,1,1,44,9,12,7,1
360,1,1,1,61,13,16,6,1
360,2,1,1,59,13,16,5,1
361,1,1,1,46,9,10,1,0
361,2,1,1,47,10,10,1,0
362,1,2,1,43,9,8,1,1
362,2,2,2,39,9,8,1,1
363,1,1,1,58,10,16,1,1
363,2,1,1,49,10,16,1,1
364,1,1,1,42,13,15,1,1
364,2,1,1,39,10,15,7,1
365,1,1,2,51,10,16,1,1
365,2,1,1,46,12,16,1,1
366,1,1,1,53,13,19,1,1
366,2,1,1,52,13,19,1,1
367,1,1,1,40,9,8,4,1
367,2,1,1,37,9,8,7,1
368,1,1,1,61,10,17,1,1
368,2,1,1,62,13,17,5,1
369,1,1,1,32,13,12,1,1
369,2,1,2,28,10,12,7,1
370,1,1,2,58,11,6,2,0
370,2,1,2,60,10,6,7,0
371,1,1,1,44,9,16,1,1
371,2,1,1,40,9,16,1,1
372,1,1,1,45,9,13,6,1
372,2,1,3,39,9,13,1,1
373,1,1,2,61,10,13,1,1
373,2,1,2,59,12,13,1,1
374,1,1,1,55,9,15,1,1
374,2,1,1,54,9,15,1,1
375,1,1,1,55,9,13,1,1
375,2,1,1,46,12,13,1,1
376,1,1,2,31,10,11,1,1
376,2,1,2,34,11,11,7,1
377,1,1,1,26,14,11,1,1
377,2,1,1,26,12,11,7,1
378,1,1,1,51,10,16,1,1
378,2,1,1,44,11,16,1,1
379,1,1,1,58,12,13,1,1
379,2,1,1,55,12,13,5,1
380,1,2,4,49,10,7,1,1
380,2,2,2,48,10,7,4,1
381,1,1,1,59,14,15,1,1
381,2,1,1,55,13,15,1,1
382,1,1,2,64,9,11,1,1
382,2,1,2,58,10,11,1,1
383,1,1,1,47,12,17,1,1
383,2,1,2,47,12,17,1,1
384,1,1,1,49,9,17,7,1
384,2,1,1,45,11,17,1,1
385,1,1,1,30,10,11,1,1
385,2,1,1,27,7,11,1,1
386,1,1,1,49,12,17,1,1
386,2,1,1,50,12,17,7,1
387,1,1,1,35,12,8,4,1
387,2,1,3,34,13,8,1,1
388,1,1,1,59,10,14,1,1
388,2,1,1,59,10,14,1,1
389,1,1,1,42,14,16,1,1
389,2,1,1,46,13,16,1,1
390,1,1,2,37,9,6,7,1
390,2,1,2,36,10,6,6,1
391,1,1,2,41,12,11,1,1
391,2,1,1,37,13,11,7,1
392,1,1,4,41,10,12,4,1
392,2,1,5,37,10,12,1,1
393,1,1,1,62,10,16,1,1
393,2,1,1,61,13,16,1,1
394,1,1,1,24,12,12,1,1
394,2,1,1,24,10,12,7,1
395,1,1,1,35,14,11,1,1
395,2,1,2,29,13,11,4,1
396,1,2,2,54,10,13,4,1
396,2,2,1,53,13,13,1,1
397,1,1,1,48,13,18,1,1
397,2,1,1,53,12,18,1,1
398,1,1,1,40,12,17,1,1
398,2,1,2,32,12,17,1,1
399,1,1,4,62,12,10,6,1
399,2,1,5,56,12,10,4,1
400,1,1,1,60,9,14,5,1
400,2,1,1,60,9,14,5,1
401,1,1,1,42,9,14,1,1
401,2,1,1,45,9,14,1,1
402,1,1,1,32,14,12,1,1
402,2,1,1,31,12,12,2,1
403,1,1,1,42,12,17,1,1
403,2,1,1,40,12,17,1,1
404,1,1,1,43,9,15,1,1
404,2,1,1,41,10,15,1,1
405,1,1,1,59,9,13,1,1
405,2,1,1,57,4,13,1,1
406,1,2,2,33,10,6,4,1
406,2,2,2,31,11,6,6,1
407,1,1,1,25,12,12,1,1
407,2,1,1,21,10,12,7,1
408,1,2,3,30,12,17,1,1
408,2,2,2,29,12,17,1,1
409,1,1,4,55,9,15,1,1
409,2,1,1,53,11,15,1,1
410,1,1,1,31,5,4,1,1
410,2,1,3,32,6,4,7,1
411,1,1,1,32,9,13,1,1
411,2,1,1,30,13,13,1,1
412,1,1,1,41,7,11,1,1
412,2,1,2,40,10,11,1,1
413,1,1,1,35,10,14,1,1
413,2,1,1,33,13,14,1,1
414,1,1,4,62,10,13,1,1
414,2,1,5,52,10,13,7,1
415,1,1,4,60,10,17,1,1
415,2,1,4,58,10,17,1,1
416,1,1,1,61,12,19,1,1
416,2,1,1,63,13,19,5,1
417,1,1,1,36,9,12,1,1
417,2,1,2,31,12,12,7,1
418,1,2,1,51,10,14,2,1
418,2,2,1,53,12,14,2,1
419,1,1,1,52,10,14,1,1
419,2,1,1,48,10,14,1,1
420,1,1,1,33,12,16,1,1
420,2,1,1,29,10,16,1,1
421,1,1,2,40,11,14,1,1
421,2,1,1,40,11,14,1,1
422,1,2,2,60,12,13,2,1
422,2,2,1,52,10,13,2,1
423,1,1,1,50,10,13,1,1
423,2,1,1,50,9,13,1,1
424,1,1,1,41,12,18,1,1
424,2,1,1,35,14,18,1,1
425,1,1,2,46,9,13,1,1
425,2,1,2,45,9,13,1,1
426,1,1,1,37,4,19,6,1
426,2,1,1,46,6,19,6,1
427,1,1,1,63,12,13,5,1
427,2,1,1,64,10,13,5,1
428,1,1,1,63,14,16,1,1
428,2,1,1,63,12,16,1,1
429,1,1,1,36,13,16,1,1
429,2,1,1,32,13,16,1,1
430,1,1,1,64,9,11,5,1
430,2,1,2,63,10,11,5,1
431,1,1,1,23,9,9,1,1
431,2,1,1,24,9,9,7,1
432,1,1,1,30,12,14,2,1
432,2,1,1,30,14,14,1,1
433,1,1,1,48,13,16,1,1
433,2,1,1,48,12,16,7,1
434,1,1,1,30,12,13,1,1
434,2,1,1,27,12,13,1,1
435,1,1,1,54,13,16,1,1
435,2,1,1,55,13,16,1,1
436,1,1,2,61,12,12,5,1
436,2,1,1,61,12,12,5,1
437,1,1,2,39,12,15,1,1
437,2,1,1,36,13,15,7,1
438,1,1,2,55,9,17,5,1
438,2,1,2,52,12,17,1,1
439,1,1,1,43,12,11,1,1
439,2,1,2,43,12,11,7,1
440,1,1,1,44,9,17,1,1
440,2,1,1,42,9,17,1,1
441,1,1,1,33,9,15,2,1
441,2,1,1,32,9,15,7,1
442,1,1,1,41,10,15,1,1
442,2,1,1,39,12,15,1,1
443,1,1,1,48,12,17,2,1
443,2,1,1,58,9,17,2,1
444,1,1,1,60,10,16,5,1
444,2,1,1,54,10,16,5,1
445,1,1,1,27,9,5,1,1
445,2,1,2,27,9,5,7,1
446,1,1,1,56,12,17,5,1
446,2,1,1,57,10,17,1,1
447,1,1,1,53,9,12,1,0
447,2,1,1,46,9,12,1,0
448,1,1,1,44,9,18,1,1
448,2,1,1,39,14,18,2,1
449,1,1,1,40,9,13,1,0
449,2,1,2,35,9,13,7,0
450,1,1,2,48,12,11,4,1
450,2,1,1,40,12,11,7,1
451,1,1,1,25,12,14,7,1
451,2,1,2,26,12,14,1,1
452,1,1,1,55,13,19,1,1
452,2,1,2,54,13,19,1,1
453,1,1,1,32,9,10,1,1
453,2,1,1,27,9,10,7,1
454,1,1,3,45,7,12,1,1
454,2,1,2,43,10,12,1,1
455,1,2,2,38,9,6,1,1
455,2,2,2,31,12,6,4,1
456,1,1,1,40,12,15,1,1
456,2,1,2,38,13,15,7,1
457,1,1,1,54,9,12,1,1
457,2,1,1,55,9,12,2,1
458,1,1,1,58,10,11,2,1
458,2,1,1,55,14,11,1,1
459,1,1,4,44,7,10,6,1
459,2,1,5,45,9,10,4,1
460,1,1,3,44,11,14,1,1
460,2,1,1,40,9,14,1,1
461,1,1,1,29,10,13,1,1
461,2,1,1,25,12,13,7,1
462,1,1,1,50,10,19,2,1
462,2,1,2,49,12,19,1,1
463,1,1,1,42,12,17,1,1
463,2,1,1,43,13,17,1,1
464,1,1,3,56,10,15,1,1
464,2,1,3,54,9,15,7,1
465,1,1,1,42,12,18,1,1
465,2,1,1,40,11,18,1,1
466,1,1,1,43,12,12,1,1
466,2,1,1,36,12,12,7,1
467,1,1,1,38,14,16,2,1
467,2,1,1,38,13,16,7,1
468,1,1,1,39,12,16,1,1
468,2,1,1,33,12,16,1,1
469,1,1,2,29,10,19,2,1
469,2,1,2,28,10,19,2,1
470,1,1,1,28,9,12,1,1
470,2,1,1,29,9,12,1,1
471,1,1,1,54,12,19,1,1
471,2,1,1,52,12,19,1,1
472,1,1,1,62,10,14,2,1
472,2,1,1,61,9,14,4,1
473,1,1,1,29,12,14,1,1
473,2,1,1,29,12,14,1,1
474,1,1,1,27,10,16,1,1
474,2,1,1,27,13,16,1,1
475,1,1,2,49,9,14,2,1
475,2,1,2,44,12,14,1,1
476,1,2,1,42,6,4,6,1
476,2,2,1,32,6,4,6,1
477,1,1,1,30,12,14,1,1
477,2,1,1,28,12,14,2,1
478,1,1,1,38,10,14,1,1
478,2,1,1,35,10,14,1,1
479,1,1,1,36,10,14,1,1
479,2,1,1,36,10,14,1,1
480,1,1,1,37,9,14,1,1
480,2,1,2,36,12,14,7,1
481,1,1,1,28,12,7,1,1
481,2,1,1,27,12,7,7,1
482,1,1,1,57,12,17,2,1
482,2,1,1,56,9,17,1,1
483,1,1,2,55,13,16,5,1
483,2,1,1,56,12,16,5,1
484,1,1,1,30,10,11,1,1
484,2,1,1,29,12,11,1,1
485,1,1,2,47,9,15,1,1
485,2,1,2,56,9,15,7,1
486,1,2,4,61,10,4,6,1
486,2,2,4,55,11,4,2,1
487,1,1,1,27,9,9,1,1
487,2,1,1,29,11,9,1,1
488,1,1,1,44,10,13,1,1
488,2,1,1,50,10,13,1,1
489,1,1,1,57,12,17,1,1
489,2,1,1,54,12,17,1,1
490,1,1,1,38,13,18,1,1
490,2,1,1,36,13,18,1,1
491,1,1,1,58,9,11,1,1
491,2,1,1,56,9,11,6,1
492,1,1,1,43,12,18,1,1
492,2,1,1,43,12,18,4,1
493,1,1,1,40,12,11,1,1
493,2,1,2,40,12,11,1,1
494,1,1,1,30,12,16,1,1
494,2,1,1,30,11,16,1,1
495,1,1,1,54,9,14,1,1
495,2,1,1,56,2,14,2,1
496,1,1,1,24,11,8,1,1
496,2,1,1,23,10,8,1,1
497,1,1,1,63,12,14,1,1
497,2,1,1,64,10,14,5,1
498,1,1,1,27,12,11,1,1
498,2,1,2,27,12,11,1,1
499,1,1,2,57,13,14,1,1
499,2,1,2,55,13,14,7,1
500,1,1,2,39,12,14,1,1
500,2,1,1,36,12,14,7,1
501,1,1,1,56,12,18,1,1
501,2,1,1,53,12,18,5,1
502,1,1,1,47,7,8,1,1
502,2,1,2,44,10,8,4,1
503,1,1,1,52,10,14,2,1
503,2,1,1,52,13,14,1,1
504,1,1,1,57,8,11,1,1
504,2,1,1,58,7,11,5,1
505,1,1,5,62,9,10,5,1
505,2,1,5,59,10,10,4,1
506,1,1,1,41,13,17,1,1
506,2,1,1,35,13,17,2,1
507,1,1,1,51,13,13,1,1
507,2,1,1,55,13,13,4,1
508,1,1,1,55,13,16,1,1
508,2,1,2,54,13,16,2,1
509,1,2,2,51,14,8,4,0
509,2,2,2,50,9,8,1,0
510,1,1,1,35,12,14,1,1
510,2,1,2,30,11,14,1,1
511,1,1,1,36,10,12,1,1
511,2,1,1,37,12,12,7,1
512,1,1,1,45,12,16,1,1
512,2,1,1,40,12,16,1,1
513,1,1,2,38,12,10,1,1
513,2,1,3,32,8,10,7,1
514,1,1,1,31,14,16,2,1
514,2,1,2,27,11,16,7,1
515,1,1,1,33,12,16,1,1
515,2,1,1,33,11,16,1,1
516,1,1,2,56,9,12,3,1
516,2,1,3,52,11,12,1,1
517,1,1,4,27,11,9,1,1
517,2,1,4,29,12,9,1,1
518,1,1,1,58,13,12,1,1
518,2,1,1,50,9,12,4,1
519,1,1,1,34,10,7,6,1
519,2,1,1,32,10,7,1,1
520,1,1,1,36,12,13,1,1
520,2,1,1,33,12,13,7,1
521,1,2,1,61,10,14,1,1
521,2,2,1,59,10,14,1,1
522,1,1,1,38,9,15,1,1
522,2,1,1,41,12,15,7,1
523,1,2,2,33,11,7,1,1
523,2,2,2,33,12,7,1,1
524,1,1,1,48,4,11,1,1
524,2,1,1,46,9,11,1,1
525,1,1,1,62,9,11,6,1
525,2,1,2,59,9,11,7,1
526,1,2,2,49,13,19,1,1
526,2,2,2,39,12,19,1,1
527,1,1,1,54,12,18,1,1
527,2,1,1,55,13,18,1,1
528,1,1,1,40,9,12,1,1
528,2,1,2,40,9,12,3,1
529,1,1,1,36,11,14,1,1
529,2,1,1,30,11,14,7,1
530,1,1,1,51,12,15,2,1
530,2,1,1,46,9,15,1,1
531,1,1,1,49,9,14,1,1
531,2,1,2,49,12,14,1,1
532,1,1,1,41,13,8,7,1
532,2,1,2,41,11,8,7,1
533,1,2,1,57,10,11,6,1
533,2,2,1,53,9,11,6,1
534,1,1,1,30,9,16,1,1
534,2,1,1,26,10,16,2,1
535,1,2,2,39,3,9,1,1
535,2,2,2,40,11,9,2,1
536,1,1,1,38,10,3,6,0
536,2,1,1,38,9,3,7,0
537,1,1,2,34,13,16,1,1
537,2,1,2,33,12,16,1,1
538,1,1,1,63,9,15,1,1
538,2,1,1,56,9,15,1,1
539,1,1,1,64,12,13,1,1
539,2,1,2,63,10,13,5,1
540,1,1,1,61,13,17,1,1
540,2,1,1,60,10,17,1,1
541,1,1,2,47,12,16,1,1
541,2,1,1,44,9,16,4,1
542,1,2,1,39,10,11,1,1
542,2,2,1,31,11,11,7,1
543,1,1,2,44,11,11,7,1
543,2,1,1,42,11,11,6,1
544,1,1,1,49,11,8,1,1
544,2,1,2,45,10,8,1,1
545,1,1,1,53,9,15,1,1
545,2,1,1,53,10,15,1,1
546,1,1,1,43,10,14,1,1
546,2,1,1,40,12,14,1,1
547,1,1,1,30,10,8,1,1
547,2,1,1,26,12,8,7,1
548,1,1,1,59,12,17,5,1
548,2,1,4,56,13,17,5,1
549,1,1,2,59,12,11,1,1
549,2,1,1,58,11,11,2,1
550,1,1,1,53,11,10,2,1
550,2,1,1,54,9,10,7,1
551,1,1,1,48,14,17,2,1
551,2,1,2,50,14,17,2,1
552,1,1,1,54,9,7,6,1
552,2,1,1,51,9,7,6,1
553,1,1,1,52,9,13,1,1
553,2,1,1,50,10,13,1,1
554,1,1,5,44,12,18,1,1
554,2,1,2,42,12,18,1,1
555,1,1,1,42,14,19,1,1
555,2,1,1,45,14,19,7,1
556,1,1,2,40,10,16,1,1
556,2,1,2,42,11,16,1,1
557,1,1,1,33,11,9,3,1
557,2,1,2,32,10,9,1,1
558,1,1,1,53,9,11,1,0
558,2,1,1,61,9,11,1,0
559,1,1,1,51,12,17,1,1
559,2,1,1,44,14,17,1,1
560,1,2,3,52,13,17,2,1
560,2,2,2,45,12,17,1,1
561,1,1,1,42,9,18,2,1
561,2,1,1,36,12,18,2,1
562,1,1,2,48,10,14,2,1
562,2,1,2,50,13,14,1,1
563,1,1,1,63,9,4,5,1
563,2,1,1,60,7,4,5,1
564,1,1,1,50,9,7,5,1
564,2,1,1,55,11,7,1,1
565,1,1,1,37,10,15,7,1
565,2,1,1,34,10,15,1,1
566,1,1,2,54,12,13,1,1
566,2,1,1,48,10,13,1,1
567,1,1,1,50,5,1,7,1
567,2,1,1,52,10,1,4,1
568,1,1,2,52,9,12,1,1
568,2,1,2,52,14,12,2,1
569,1,1,1,53,12,15,2,1
569,2,1,2,56,13,15,4,1
570,1,1,2,64,9,12,5,1
570,2,1,2,64,9,12,5,1
571,1,1,1,43,13,17,4,1
571,2,1,1,33,12,17,1,1
572,1,1,1,63,9,14,1,1
572,2,1,1,61,9,14,5,1
573,1,1,1,57,8,19,1,1
573,2,1,1,58,13,19,4,1
574,1,1,1,59,11,17,1,1
574,2,1,2,60,12,17,1,1
575,1,2,1,29,9,10,1,1
575,2,2,1,25,10,10,1,1
576,1,1,1,48,12,16,2,1
576,2,1,2,46,12,16,2,1
577,1,1,1,40,9,10,1,0
577,2,1,1,45,9,10,3,0
578,1,1,2,34,12,14,1,1
578,2,1,1,30,13,14,1,1
579,1,1,1,48,12,15,1,1
579,2,1,1,43,11,15,7,1
580,1,1,2,32,10,13,1,1
580,2,1,1,33,12,13,1,1
581,1,1,1,47,9,13,1,1
581,2,1,1,46,9,13,1,1
582,1,1,2,44,12,9,1,1
582,2,1,1,42,11,9,3,1
583,1,1,4,43,14,16,1,1
583,2,1,1,41,10,16,1,1
584,1,1,1,58,14,16,5,1
584,2,1,1,57,13,16,5,1
585,1,1,1,32,13,15,1,1
585,2,1,1,32,12,15,7,1
586,1,1,1,40,13,12,7,1
586,2,1,1,38,12,12,1,1
587,1,1,1,22,7,8,1,0
587,2,1,1,22,9,8,1,0
588,1,1,2,37,13,13,3,1
588,2,1,1,37,10,13,2,1
589,1,1,1,40,10,12,1,1
589,2,1,1,30,9,12,7,1
590,1,1,3,34,8,7,2,1
590,2,1,2,41,10,7,7,1
591,1,1,1,46,8,13,6,1
591,2,1,2,51,12,13,1,1
592,1,1,2,30,10,11,1,1
592,2,1,2,35,9,11,4,1
593,1,2,1,36,7,7,6,1
593,2,2,1,39,9,7,7,1
594,1,1,1,41,9,12,1,1
594,2,1,2,46,9,12,4,1
595,1,1,2,41,9,13,1,1
595,2,1,2,46,9,13,7,1
596,1,1,1,59,9,15,5,1
596,2,1,1,52,9,15,5,1
597,1,1,1,48,10,16,1,1
597,2,1,1,48,9,16,1,1
598,1,2,1,35,12,14,1,1
598,2,2,1,35,12,14,1,1
599,1,1,1,27,13,16,1,1
599,2,1,1,27,12,16,1,1
600,1,1,1,54,6,3,2,1
600,2,1,2,50,9,3,4,1
601,1,1,1,54,12,13,1,1
601,2,1,1,53,10,13,1,1
602,1,1,2,51,12,18,2,1
602,2,1,1,49,13,18,1,1
603,1,1,1,60,12,19,1,1
603,2,1,2,53,11,19,7,1
604,1,1,1,45,12,15,1,1
604,2,1,2,41,10,15,7,1
605,1,2,2,44,12,15,1,1
605,2,2,1,47,13,15,1,1
606,1,1,1,50,9,12,1,0
606,2,1,1,47,9,12,1,0
607,1,1,1,58,12,13,1,1
607,2,1,1,51,10,13,1,1
608,1,1,1,33,10,13,1,1
608,2,1,2,30,10,13,7,1
609,1,1,1,33,12,8,1,1
609,2,1,1,31,12,8,7,1
610,1,1,1,47,11,8,2,0
610,2,1,2,42,10,8,1,0
611,1,1,1,39,11,13,1,1
611,2,1,1,43,11,13,7,1
612,1,1,1,55,11,14,1,0
612,2,1,2,54,9,14,7,0
613,1,1,1,60,12,18,1,1
613,2,1,1,61,10,18,5,1
614,1,1,1,35,12,16,1,1
614,2,1,1,29,12,16,1,1
615,1,1,1,56,14,19,1,1
615,2,1,3,54,14,19,1,1
616,1,1,1,41,9,14,2,1
616,2,1,2,47,12,14,2,1
617,1,1,1,62,10,13,1,0
617,2,1,1,61,9,13,6,0
618,1,1,1,62,10,10,2,1
618,2,1,1,61,9,10,7,1
619,1,1,1,40,6,5,6,0
619,2,1,1,43,6,5,1,0
620,1,1,1,50,11,14,5,1
620,2,1,1,44,11,14,1,1
621,1,1,1,29,9,7,1,1
621,2,1,1,30,10,7,7,1
622,1,1,1,61,11,13,5,1
622,2,1,2,58,10,13,5,1
623,1,1,3,64,10,16,1,1
623,2,1,2,63,12,16,5,1
624,1,1,1,34,12,17,1,1
624,2,1,1,35,13,17,1,1
625,1,1,1,33,12,17,1,1
625,2,1,1,35,12,17,1,1
626,1,1,1,30,10,6,7,1
626,2,1,1,25,10,6,7,1
627,1,1,1,58,4,4,6,1
627,2,1,1,63,4,4,6,1
628,1,1,2,38,12,18,2,1
628,2,1,1,39,12,18,1,1
629,1,1,1,57,10,18,2,1
629,2,1,1,52,14,18,1,1
630,1,1,3,59,10,11,6,1
630,2,1,2,55,11,11,1,1
631,1,2,1,50,9,13,1,0
631,2,2,1,42,9,13,1,0
632,1,1,1,36,11,8,1,1
632,2,1,1,34,10,8,7,1
633,1,1,1,61,8,6,6,0
633,2,1,1,53,9,6,3,0
634,1,1,2,56,10,15,2,1
634,2,1,1,51,11,15,1,1
635,1,1,2,55,14,16,1,1
635,2,1,3,48,12,16,7,1
636,1,1,2,41,9,3,2,0
636,2,1,1,38,6,3,4,0
637,1,1,1,58,10,11,1,1
637,2,1,1,55,12,11,1,1
638,1,1,2,40,9,15,1,1
638,2,1,2,44,10,15,1,1
639,1,1,2,53,9,11,5,1
639,2,1,2,45,9,11,1,1
640,1,1,2,55,11,14,2,1
640,2,1,2,53,9,14,1,1
641,1,1,2,52,9,13,7,1
641,2,1,2,48,12,13,1,1
642,1,1,2,54,10,15,1,1
642,2,1,2,53,10,15,1,1
643,1,1,2,43,12,16,1,1
643,2,1,1,38,10,16,7,1
644,1,1,1,40,12,18,1,1
644,2,1,1,44,13,18,1,1
645,1,1,1,31,9,11,1,1
645,2,1,1,30,9,11,7,1
646,1,2,1,26,9,6,7,1
646,2,2,2,29,10,6,1,1
647,1,1,1,36,12,11,1,1
647,2,1,1,36,12,11,7,1
648,1,1,1,40,12,16,1,1
648,2,1,1,33,13,16,1,1
649,1,1,1,27,12,13,1,1
649,2,1,1,27,12,13,1,1
650,1,1,1,36,7,11,1,1
650,2,1,2,35,9,11,7,1
651,1,1,1,42,13,12,1,1
651,2,1,1,41,10,12,7,1
652,1,1,2,34,10,15,3,1
652,2,1,2,28,9,15,1,1
653,1,1,1,34,14,19,1,1
653,2,1,3,35,10,19,7,1
654,1,1,2,44,12,15,1,1
654,2,1,2,36,12,15,7,1
655,1,1,2,62,12,9,5,1
655,2,1,2,57,10,9,6,1
656,1,1,5,27,10,13,1,1
656,2,1,5,28,9,13,1,1
657,1,1,3,62,11,11,4,1
657,2,1,4,61,4,11,7,1
658,1,1,2,41,11,15,1,1
658,2,1,2,37,10,15,7,1
659,1,1,1,60,9,15,1,1
659,2,1,1,59,9,15,1,1
660,1,1,1,43,9,4,2,1
660,2,1,1,40,10,4,7,1
661,1,2,4,40,9,10,7,1
661,2,2,4,39,10,10,1,1
662,1,1,1,48,8,13,4,1
662,2,1,1,46,9,13,7,1
663,1,1,2,42,10,9,1,1
663,2,1,2,43,9,9,2,1
664,1,1,2,49,10,14,1,1
664,2,1,2,45,13,14,7,1
665,1,1,1,23,10,4,4,1
665,2,1,1,23,10,4,1,1
666,1,1,1,26,13,13,1,1
666,2,1,1,26,12,13,1,1
667,1,1,1,49,12,15,1,1
667,2,1,1,50,13,15,1,1
668,1,2,3,47,4,1,2,1
668,2,2,1,48,7,1,1,1
669,1,1,1,56,8,10,1,1
669,2,1,4,60,11,10,6,1
670,1,1,1,37,10,15,1,1
670,2,1,1,37,11,15,1,1
671,1,2,2,31,7,8,4,1
671,2,2,3,26,10,8,1,1
672,1,1,2,25,9,13,1,1
672,2,1,2,25,10,13,1,1
673,1,1,1,40,11,12,1,1
673,2,1,1,39,11,12,4,1
674,1,1,1,28,13,10,1,1
674,2,1,1,27,12,10,2,1
675,1,1,1,44,13,16,1,1
675,2,1,2,43,13,16,1,1
676,1,1,1,63,10,14,1,0
676,2,1,1,62,10,14,1,0
677,1,2,1,54,10,10,1,1
677,2,2,2,44,9,10,1,1
678,1,1,1,29,9,8,1,1
678,2,1,1,29,10,8,1,1
679,1,1,1,32,12,14,1,1
679,2,1,1,34,12,14,1,1
680,1,1,3,34,10,16,1,1
680,2,1,4,28,11,16,7,1
681,1,1,2,31,9,10,4,1
681,2,1,2,31,10,10,7,1
682,1,1,1,45,10,16,1,1
682,2,1,1,41,12,16,1,1
683,1,1,1,63,9,12,2,1
683,2,1,1,62,7,12,1,1
684,1,1,2,58,10,13,2,1
684,2,1,1,57,10,13,4,1
685,1,1,2,54,9,15,2,1
685,2,1,2,54,13,15,2,1
686,1,1,3,58,10,4,7,1
686,2,1,2,56,10,4,7,1
687,1,1,1,63,13,13,5,1
687,2,1,1,60,13,13,5,1
688,1,1,1,63,13,19,1,1
688,2,1,1,59,12,19,5,1
689,1,1,1,60,12,19,5,1
689,2,1,1,61,13,19,5,1
690,1,1,1,28,13,11,1,1
690,2,1,1,23,10,11,7,1
691,1,2,1,49,6,7,6,0
691,2,2,2,43,10,7,6,0
692,1,1,1,41,10,16,1,1
692,2,1,1,37,9,16,1,1
693,1,1,1,54,9,8,4,1
693,2,1,2,57,10,8,5,1
694,1,2,1,29,9,14,1,1
695,2,2,2,32,10,15,1,1
696,1,1,1,28,14,14,1,1
696,2,1,2,30,12,14,7,1
697,1,1,1,30,11,13,1,1
697,2,1,1,23,10,13,2,1
698,1,2,2,30,10,12,3,1
698,2,2,1,26,11,12,1,1
699,1,1,1,34,14,15,1,1
699,2,1,3,27,13,15,4,1
700,1,1,1,58,10,12,4,1
700,2,1,1,57,11,12,1,1
701,1,1,2,38,9,13,1,1
701,2,1,2,37,9,13,1,1
702,1,1,1,57,10,15,1,1
702,2,1,1,56,10,15,2,1
703,1,1,2,47,10,14,1,1
703,2,1,1,44,8,14,1,1
704,1,1,2,25,10,9,7,1
704,2,1,2,23,11,9,1,1
705,1,1,3,48,12,17,2,1
705,2,1,3,42,12,17,1,1
706,1,1,1,27,12,13,1,1
706,2,1,1,27,12,13,1,1
707,1,1,1,38,13,16,1,1
707,2,1,1,36,12,16,1,1
708,1,2,1,26,10,7,1,1
708,2,2,2,24,10,7,7,1
709,1,1,1,47,12,19,1,1
709,2,1,1,39,12,19,1,1
710,1,1,1,50,6,7,6,1
710,2,1,1,47,10,7,4,1
711,1,1,2,32,8,18,1,1
711,2,1,5,31,10,18,7,1
712,1,1,1,34,9,11,1,1
712,2,1,2,30,12,11,1,1
713,1,1,1,49,12,16,1,1
713,2,1,1,47,13,16,1,1
714,1,2,2,37,10,9,1,1
714,2,2,2,40,10,9,1,1
715,1,1,1,23,8,9,1,0
715,2,1,1,21,10,9,1,0
716,1,1,1,38,10,15,1,1
716,2,1,1,29,12,15,7,1
717,1,1,1,47,13,13,1,1
717,2,1,1,39,12,13,4,1
718,1,1,1,26,10,16,1,1
718,2,1,1,30,12,16,1,1
719,1,1,1,35,8,12,1,1
719,2,1,1,40,10,12,7,1
720,1,1,1,45,10,16,2,1
720,2,1,1,48,9,16,2,1
721,1,1,1,24,9,8,1,1
721,2,1,2,22,9,8,4,1
722,1,1,2,51,9,6,2,0
722,2,1,2,49,12,6,4,0
723,1,1,1,22,12,17,1,1
723,2,1,1,23,10,17,7,1
724,1,1,1,55,10,16,1,1
724,2,1,4,53,10,16,1,1
725,1,1,2,58,9,16,1,1
725,2,1,1,58,9,16,1,1
726,1,1,1,54,9,11,4,1
726,2,1,1,54,8,11,7,1
727,1,1,1,25,10,6,1,1
727,2,1,1,23,9,6,7,1
728,1,1,1,58,12,12,4,1
728,2,1,1,55,10,12,4,1
729,1,1,1,41,11,13,1,1
729,2,1,1,31,12,13,6,1
730,1,1,4,49,10,19,1,1
730,2,1,4,49,12,19,1,1
731,1,1,1,59,12,18,1,1
731,2,1,1,58,12,18,1,1
732,1,1,1,55,9,16,2,1
732,2,1,1,54,9,16,2,1
733,1,1,1,51,9,14,1,1
733,2,1,1,47,11,14,1,1
734,1,1,2,40,9,14,1,1
734,2,1,1,36,10,14,1,1
735,1,2,2,34,9,14,1,1
735,2,2,1,33,11,14,1,1
736,1,1,4,40,9,14,1,0
736,2,1,4,37,6,14,7,0
737,1,1,1,32,10,13,1,0
737,2,1,1,25,11,13,1,0
738,1,1,1,42,13,14,1,1
738,2,1,1,42,12,14,7,1
739,1,1,1,26,9,2,4,1
739,2,1,1,23,12,2,1,1
740,1,1,1,60,7,16,1,0
740,2,1,1,60,5,16,6,0
741,1,1,1,62,10,10,6,1
741,2,1,1,61,10,10,1,1
742,1,1,3,34,9,13,1,1
742,2,1,4,33,10,13,1,1
743,1,1,1,40,10,14,1,1
743,2,1,1,40,9,14,7,1
744,1,1,1,28,10,15,1,1
744,2,1,1,30,10,15,1,1
745,1,1,1,42,10,19,1,1
745,2,1,1,32,12,19,1,1
746,1,1,1,58,10,11,2,1
746,2,1,1,54,10,11,1,1
747,1,1,2,26,12,14,1,1
747,2,1,2,26,10,14,7,1
748,1,1,1,63,7,11,6,1
748,2,1,1,62,8,11,1,1
749,1,2,2,32,11,14,1,1
749,2,2,1,30,11,14,1,1
750,1,1,1,61,10,12,1,1
750,2,1,1,59,10,12,1,1
751,1,1,1,35,12,10,1,1
751,2,1,3,29,10,10,7,1
752,1,2,2,19,6,2,2,1
752,2,2,2,20,9,2,4,1
753,1,1,2,29,9,7,4,1
753,2,1,2,26,10,7,1,1
754,1,1,3,57,9,12,4,1
754,2,1,2,53,9,12,1,1
755,1,1,1,23,5,3,3,0
755,2,1,1,28,9,3,7,0
756,1,1,2,36,14,15,1,1
756,2,1,1,39,13,15,7,1
757,1,1,2,40,13,17,1,1
757,2,1,2,39,13,17,7,1
758,1,2,3,61,9,8,5,1
758,2,2,3,53,11,8,6,1
759,1,1,2,33,10,11,1,1
759,2,1,2,30,10,11,1,1
760,1,1,2,63,10,12,2,1
760,2,1,2,63,11,12,1,1
761,1,1,2,40,12,13,1,1
761,2,1,2,41,10,13,1,1
762,1,1,1,33,10,11,1,1
762,2,1,1,34,10,11,2,1
763,1,1,1,30,13,12,1,1
763,2,1,1,28,13,12,1,1
764,1,1,2,55,9,16,1,1
764,2,1,2,51,11,16,1,1
765,1,1,1,36,7,8,4,0
765,2,1,1,36,10,8,1,0
766,1,1,1,47,4,14,1,1
766,2,1,1,43,8,14,7,1
767,1,1,1,30,10,14,1,1
767,2,1,1,28,12,14,1,1
768,1,1,1,39,9,14,1,1
768,2,1,1,39,12,14,1,1
769,1,1,1,32,12,16,1,1
769,2,1,1,32,12,16,1,1
770,1,1,1,53,10,11,1,1
770,2,1,1,59,10,11,6,1
771,1,2,1,30,13,17,1,1
771,2,2,1,29,13,17,1,1
772,1,1,1,35,10,9,1,1
772,2,1,1,28,9,9,7,1
773,1,1,2,36,12,13,2,1
773,2,1,1,30,12,13,1,1
774,1,1,2,42,9,12,6,1
774,2,1,3,42,10,12,7,1
775,1,2,1,47,5,10,6,0
775,2,2,1,43,10,10,6,0
776,1,1,1,47,13,8,1,1
776,2,1,1,41,11,8,1,1
777,1,1,1,28,9,11,1,1
777,2,1,1,27,9,11,1,1
778,1,1,2,51,9,11,1,1
778,2,1,1,47,9,11,1,1
779,1,1,1,43,12,15,2,1
779,2,1,1,42,12,15,2,1
780,1,1,1,33,9,6,1,1
780,2,1,1,35,9,6,4,1
781,1,1,1,42,9,12,1,1
781,2,1,1,40,12,12,4,1
782,1,1,3,47,9,11,6,1
782,2,1,2,46,10,11,1,1
783,1,2,1,55,9,16,2,1
783,2,2,1,49,10,16,1,1
784,1,1,1,46,9,14,1,1
784,2,1,1,45,11,14,2,1
785,1,1,2,48,14,16,1,1
785,2,1,2,46,12,16,6,1
786,1,2,1,21,10,13,1,1
786,2,2,1,24,12,13,1,1
787,1,1,1,47,14,16,1,1
787,2,1,1,47,11,16,1,1
788,1,2,2,54,5,8,1,1
788,2,2,1,55,9,8,2,1
789,1,1,1,43,11,13,1,1
789,2,1,1,41,11,13,1,1
790,1,1,1,40,12,16,1,1
790,2,1,1,40,11,16,1,1
791,1,1,2,58,12,9,1,1
791,2,1,2,57,10,9,1,1
792,1,1,1,61,10,13,1,1
792,2,1,1,61,9,13,5,1
793,1,1,1,26,12,15,1,1
793,2,1,4,23,9,15,1,1
794,1,1,1,44,9,13,1,1
794,2,1,1,43,12,13,1,1
795,1,1,2,31,9,6,4,1
795,2,1,2,29,10,6,4,1
796,1,2,2,62,12,10,5,1
796,2,2,1,59,13,10,6,1
797,1,1,2,45,9,16,1,0
797,2,1,2,46,10,16,4,0
798,1,1,1,42,12,16,1,1
798,2,1,2,42,12,16,1,1
799,1,1,1,56,4,7,6,0
799,2,1,4,51,9,7,1,0
800,1,1,2,33,11,9,3,1
800,2,1,2,26,10,9,1,1
801,1,1,1,28,12,15,1,1
801,2,1,1,31,13,15,7,1
802,1,2,1,58,9,11,1,0
802,2,2,1,48,10,11,4,0
803,1,2,1,31,9,10,3,1
803,2,2,2,36,8,10,4,1
804,1,2,3,30,10,15,1,0
804,2,2,5,29,12,15,1,0
805,1,1,1,42,11,1,6,1
805,2,1,2,40,10,1,7,1
806,1,1,1,61,10,9,1,1
806,2,1,2,60,10,9,5,1
807,1,1,2,44,11,12,1,1
807,2,1,1,41,9,12,7,1
808,1,1,1,27,10,5,1,1
808,2,1,1,25,12,5,7,1
809,1,2,1,40,9,15,1,1
809,2,2,1,30,10,15,1,1
810,1,1,1,56,8,7,6,1
810,2,1,1,59,8,7,6,1
811,1,1,1,25,12,7,2,1
811,2,1,1,27,11,7,4,1
812,1,1,1,56,12,14,6,1
812,2,1,1,55,12,14,5,1
813,1,1,1,33,14,14,1,1
813,2,1,1,32,14,14,1,1
814,1,2,2,31,5,7,1,1
814,2,2,2,28,10,7,1,1
815,1,1,1,53,9,14,5,1
815,2,1,1,49,9,14,1,1
816,1,1,2,46,12,11,1,1
816,2,1,2,44,10,11,1,1
817,1,1,1,56,9,11,1,1
817,2,1,2,56,10,11,6,1
818,1,1,1,37,12,12,1,1
818,2,1,1,38,11,12,2,1
819,1,1,1,32,9,11,1,1
819,2,1,1,32,9,11,1,1
820,1,2,1,46,9,17,1,1
820,2,2,2,43,7,17,1,1
821,1,1,1,33,12,13,1,1
821,2,1,1,30,11,13,7,1
822,1,1,1,60,13,15,5,1
822,2,1,1,61,13,15,5,1
823,1,2,1,48,10,12,2,1
823,2,2,1,58,13,12,5,1
824,1,1,1,54,9,7,3,1
824,2,1,1,52,10,7,1,1
825,1,1,4,60,12,14,5,1
825,2,1,3,59,12,14,5,1
826,1,1,2,49,10,14,6,0
826,2,1,1,49,11,14,1,0
827,1,2,2,59,12,10,7,1
827,2,2,5,53,10,10,4,1
828,1,1,1,29,12,16,1,1
828,2,1,2,31,12,16,1,1
829,1,1,1,55,9,10,1,0
829,2,1,3,54,9,10,2,0
830,1,2,2,24,11,14,2,1
830,2,2,2,24,11,14,1,1
831,1,2,1,22,10,6,1,1
831,2,2,1,20,10,6,4,1
832,1,2,1,52,9,17,2,1
832,2,2,2,48,12,17,2,1
833,1,2,2,39,10,11,1,1
833,2,2,1,37,10,11,1,1
834,1,2,2,38,11,13,2,1
834,2,2,2,37,12,13,1,1
835,1,2,3,28,9,7,1,0
835,2,2,1,26,9,7,1,0
836,1,2,1,29,12,16,2,1
836,2,2,1,29,12,16,1,1
837,1,2,4,36,12,19,3,1
837,2,2,2,38,12,19,1,1
838,1,2,1,26,12,16,1,1
838,2,2,1,30,12,16,1,1
839,1,2,4,34,10,11,1,1
839,2,2,1,30,11,11,1,1
840,1,2,1,28,10,7,1,0
840,2,2,1,26,9,7,4,0
841,1,2,2,27,13,6,4,1
841,2,2,2,27,13,6,1,1
842,1,2,2,44,10,3,4,0
842,2,2,4,37,9,3,1,0
843,1,2,1,25,12,12,2,1
843,2,2,1,26,11,12,2,1
844,1,2,1,48,9,9,4,1
844,2,2,1,52,10,9,4,1
845,1,2,1,24,10,8,1,1
845,2,2,2,20,9,8,4,1
846,1,2,1,47,7,10,1,1
846,2,2,2,46,10,10,1,1
847,1,2,1,27,10,13,1,1
847,2,2,1,27,10,13,1,1
848,1,2,2,48,9,6,1,0
848,2,2,2,44,9,6,7,0
849,1,2,1,30,9,9,6,1
849,2,2,1,37,9,9,6,1
850,1,2,1,27,10,6,4,1
850,2,2,1,24,11,6,1,1
851,1,2,1,24,12,11,1,1
851,2,2,2,23,12,11,1,1
852,1,2,2,31,7,10,7,1
852,2,2,2,30,12,10,1,1
853,1,2,1,55,9,14,1,1
853,2,2,1,36,12,14,1,1
854,1,2,2,36,9,11,2,1
854,2,2,2,36,9,4,6,1
855,1,2,4,36,11,15,1,1
855,2,2,2,29,13,15,2,1
856,1,2,2,22,10,16,4,1
856,2,2,2,21,10,16,4,1
857,1,2,2,22,10,3,1,1
857,2,2,1,24,10,3,1,1
858,1,2,2,36,7,6,2,1
858,2,2,3,24,9,5,4,1
859,1,2,1,23,10,15,1,1
859,2,2,1,24,10,12,4,1
860,1,2,2,37,10,8,2,1
860,2,2,2,31,9,8,1,1
861,1,2,2,23,10,17,1,1
861,2,2,2,21,10,17,1,1
862,1,2,1,46,11,13,2,1
862,2,2,1,52,10,12,2,1
863,1,2,2,23,10,9,1,1
863,2,2,2,23,10,99,1,1
864,1,2,2,23,9,11,3,1
864,2,2,1,21,9,12,1,1
865,1,2,3,21,10,2,1,1
865,2,2,2,20,10,2,1,1
866,1,2,1,44,10,12,1,1
866,2,2,1,45,10,12,1,1
867,1,2,1,29,9,10,2,1
867,2,2,1,27,10,7,2,1
868,1,2,2,56,10,7,1,1
868,2,2,1,50,11,7,4,1
869,1,2,2,20,10,6,1,1
869,2,2,2,19,7,6,4,1
870,1,2,4,52,9,16,1,1
870,2,2,2,47,12,16,1,1
871,1,2,2,45,9,11,1,1
871,2,2,4,49,10,11,1,1
872,1,2,1,54,9,16,1,1
872,2,2,2,53,10,17,1,1
873,1,2,1,26,12,16,1,1
873,2,2,1,25,12,16,1,1
874,1,2,1,27,9,3,6,1
874,2,2,1,23,10,3,6,1
875,1,2,2,58,9,15,1,1
875,2,2,2,50,10,15,4,1
876,1,2,1,58,10,99,1,1
876,2,2,1,58,10,9,6,1
877,1,2,1,25,11,8,1,1
877,2,2,1,23,12,8,1,1
878,1,2,2,46,9,14,6,1
878,2,2,2,31,12,14,1,1
879,1,2,2,20,9,12,1,1
879,2,2,2,19,10,15,4,1
880,1,2,2,37,12,11,1,1
880,2,2,2,37,9,11,1,1
881,1,2,2,24,12,11,4,1
881,2,2,2,23,12,11,1,1
882,1,2,1,48,9,8,2,1
882,2,2,3,44,10,9,7,1
883,1,2,1,41,12,17,1,1
883,2,2,1,38,14,17,1,1
884,1,2,3,49,9,6,6,1
884,2,2,2,47,9,7,6,1
885,1,2,1,28,13,14,1,1
885,2,2,1,24,12,14,1,1
886,1,2,2,21,5,99,1,1
886,2,2,4,21,9,2,4,1
887,1,2,1,29,12,12,1,1
887,2,2,2,26,10,12,7,1
888,1,2,2,28,10,13,4,1
888,2,2,2,29,10,13,1,1
889,1,2,1,33,11,16,1,1
889,2,2,1,28,9,15,1,1
890,1,2,2,51,9,7,2,1
890,2,2,1,52,12,7,4,1
891,1,2,1,29,11,8,1,1
891,2,2,1,25,11,8,7,1
892,1,2,2,29,12,7,1,1
892,2,2,1,26,13,7,7,1
893,1,2,1,31,11,13,1,1
893,2,2,1,30,12,14,1,1
894,1,2,2,58,7,8,2,1
894,2,2,2,54,9,8,1,1
895,1,2,1,21,10,99,2,1
895,2,2,1,19,10,9,4,1
896,1,2,2,59,12,99,4,1
896,2,2,4,61,10,11,1,1
897,1,2,1,49,10,14,1,1
897,2,2,1,48,11,14,1,1
898,1,2,2,23,9,10,1,1
898,2,2,2,24,9,9,2,1
899,1,2,1,42,11,10,1,1
899,2,2,1,43,9,9,2,1
900,1,2,2,50,12,5,1,1
900,2,2,3,45,9,4,6,1
901,1,2,1,24,10,10,1,1
901,2,2,1,23,12,10,1,1
902,1,2,2,54,9,4,6,1
902,2,2,1,52,10,4,6,1
903,1,2,1,23,7,1,4,1
903,2,2,1,33,10,1,7,1
904,1,2,4,34,13,11,1,1
904,2,2,2,29,11,11,1,1
905,1,2,2,47,12,12,4,0
905,2,2,2,25,12,12,1,0
906,1,2,1,38,9,1,1,1
906,2,2,1,37,9,1,1,1
907,1,2,1,28,9,15,1,1
907,2,2,2,28,12,15,1,1
908,1,2,2,21,10,12,2,1
908,2,2,2,20,9,99,4,1
909,1,2,1,62,9,10,1,1
909,2,2,1,53,10,10,1,1
910,1,2,2,55,14,16,1,1
910,2,2,2,55,9,13,1,1
911,1,2,2,37,12,9,1,1
911,2,2,2,26,12,8,1,1
912,1,2,1,42,9,15,1,1
912,2,2,2,34,12,17,3,1
913,1,2,2,49,11,13,2,1
913,2,2,2,49,11,13,1,1
914,1,2,2,33,12,13,1,1
914,2,2,1,32,11,13,1,1
915,1,2,1,27,12,16,1,1
915,2,2,1,24,12,15,1,1
916,1,2,2,34,9,9,4,1
916,2,2,2,44,10,9,7,1
917,1,2,2,41,9,15,1,1
917,2,2,2,41,10,15,1,1
918,1,2,1,26,11,99,3,1
918,2,2,1,43,13,1,1,1
919,1,2,1,30,13,9,2,1
919,2,2,2,24,12,8,1,1
920,1,2,1,31,10,12,1,1
920,2,2,1,24,10,12,1,1
921,1,2,1,22,12,17,1,1
921,2,2,1,21,11,17,1,1
922,1,2,1,37,9,8,2,0
922,2,2,1,20,9,8,1,0
923,1,2,1,57,9,14,1,1
923,2,2,1,53,10,14,1,1
924,1,2,1,44,9,11,1,1
924,2,2,1,49,10,11,1,1
925,1,2,1,21,10,4,1,1
925,2,2,1,20,10,4,1,1
926,1,2,1,35,11,11,1,1
926,2,2,1,25,9,11,7,1
927,1,2,1,30,11,7,1,1
927,2,2,1,23,10,7,7,1
928,1,2,2,19,9,7,4,1
928,2,2,2,21,10,6,6,1
929,1,2,2,36,9,2,3,1
929,2,2,1,29,11,2,7,1
930,1,2,1,27,11,7,1,1
930,2,2,1,25,11,7,1,1
931,1,2,1,53,12,11,1,1
931,2,2,1,56,12,11,5,0
932,1,2,1,20,10,14,4,1
932,2,2,1,19,12,14,1,1
933,1,2,2,23,10,7,1,1
933,2,2,2,20,10,7,3,1
934,1,2,1,23,9,11,1,0
934,2,2,2,20,10,11,4,0
935,1,2,2,41,13,12,1,1
935,2,2,1,39,13,17,1,1
936,1,2,1,24,12,13,1,1
936,2,2,1,24,12,13,1,1
937,1,2,2,24,10,7,1,1
937,2,2,1,21,10,4,1,1
938,1,2,1,22,9,11,1,1
938,2,2,1,20,9,11,7,1
939,1,2,1,21,9,1,4,1
939,2,2,2,18,9,2,3,1
940,1,2,1,25,12,13,1,1
940,2,2,1,40,10,13,1,1
941,1,2,2,26,9,99,1,1
941,2,2,1,23,10,99,1,1
942,1,2,1,51,11,8,2,1
942,2,2,2,39,12,8,2,1
943,1,2,2,49,10,5,1,1
943,2,2,4,32,10,6,1,1
944,1,2,1,27,10,14,1,1
944,2,2,2,27,12,14,1,1
945,1,2,2,24,10,13,1,1
945,2,2,2,23,9,13,4,1
946,1,2,2,37,13,12,1,1
946,2,2,3,35,11,11,1,1
947,1,2,2,29,12,16,1,1
947,2,2,2,28,13,16,1,1
948,1,2,2,56,10,13,1,1
948,2,2,2,54,10,13,6,1
949,1,2,3,39,12,13,4,1
949,2,2,2,29,9,12,1,1
950,1,2,1,28,11,6,2,1
950,2,2,1,25,10,8,7,1
951,1,2,2,37,10,7,2,1
951,2,2,1,21,10,7,1,1
952,1,2,2,38,9,1,4,1
952,2,2,2,41,10,6,1,1
953,1,2,1,45,10,15,2,1
953,2,2,1,44,12,15,1,1
954,1,2,1,33,9,7,4,0
954,2,2,1,32,11,7,1,0
955,1,2,1,50,10,14,2,1
955,2,2,1,47,11,13,1,1
956,1,2,2,23,10,10,1,1
956,2,2,2,21,10,10,1,1
957,1,2,2,29,12,6,7,1
957,2,2,1,27,13,6,1,1
958,1,2,2,37,11,10,1,1
958,2,2,2,35,10,10,6,1
959,1,2,1,36,12,13,2,1
959,2,2,1,42,10,13,1,1
960,1,2,1,21,10,15,4,1
960,2,2,2,21,10,15,1,1
961,1,2,1,23,10,8,1,1
961,2,2,1,21,10,8,1,1
962,1,2,4,47,6,12,2,1
962,2,2,4,49,9,9,4,1
963,1,2,1,22,12,13,1,1
963,2,2,1,22,12,13,1,1
964,1,2,1,50,11,11,1,1
964,2,2,1,42,10,4,1,1
965,1,2,1,30,5,1,7,1
965,2,2,1,35,5,9,1,1
966,1,2,2,26,5,6,2,1
966,2,2,3,26,9,6,7,1
967,1,2,1,25,9,10,2,1
967,2,2,1,32,11,10,1,1
968,1,2,1,20,8,16,4,1
968,2,2,1,19,9,16,4,1
969,1,2,1,54,10,13,3,1
969,2,2,1,28,10,13,1,1
970,1,2,1,26,10,4,4,1
970,2,2,1,27,10,4,1,1
971,1,2,1,47,10,11,2,1
971,2,2,1,25,12,11,1,1
972,1,2,1,54,14,17,1,1
972,2,2,1,41,13,17,1,1
973,1,2,1,27,9,9,1,1
973,2,2,1,20,9,9,4,1
974,1,2,1,23,10,11,1,1
974,2,2,2,22,10,11,1,1
975,1,2,2,20,10,10,4,1
975,2,2,2,21,10,10,1,1
976,1,2,2,32,10,11,1,1
976,2,2,2,29,13,11,1,1
977,1,2,2,28,14,13,1,1
977,2,2,1,25,10,13,7,1
978,1,2,1,36,6,9,1,1
978,2,2,2,43,9,9,7,1
979,1,2,1,23,9,1,7,1
979,2,2,2,21,5,1,7,1
980,1,2,4,59,10,13,5,1
980,2,2,3,61,11,13,5,1
981,1,2,1,37,10,12,4,1
981,2,2,1,33,11,12,1,1
982,1,2,1,22,12,9,1,1
982,2,2,1,22,12,9,1,1
983,1,2,4,29,9,13,1,1
983,2,2,2,24,12,13,1,1
984,1,2,1,31,9,8,3,1
984,2,2,2,24,10,8,1,1
985,1,2,2,56,9,14,1,1
985,2,2,1,46,10,14,4,1
986,1,2,1,31,9,12,1,1
986,2,2,1,30,11,12,1,1
987,1,2,1,53,12,8,1,1
987,2,2,2,55,9,3,6,1
988,1,2,2,53,12,12,1,1
988,2,2,2,51,12,12,1,1
989,1,2,2,56,9,8,1,1
989,2,2,5,44,11,7,7,1
990,1,2,2,22,10,11,1,1
990,2,2,2,23,11,11,1,1
991,1,2,2,58,9,11,1,1
991,2,2,2,57,10,11,6,1
992,1,2,1,22,11,15,1,1
992,2,2,1,23,11,15,1,1
993,1,2,2,26,5,13,1,1
993,2,2,2,24,9,14,4,1
994,1,2,2,48,12,5,4,1
994,2,2,2,42,11,8,1,1
995,1,2,2,30,14,13,1,1
995,2,2,4,30,14,13,1,1
996,1,2,2,21,10,4,1,1
996,2,2,1,20,10,99,1,1
997,1,2,2,48,14,19,1,1
997,2,2,2,48,11,1,6,1
998,1,2,1,51,12,8,2,1
998,2,2,2,21,9,6,4,1
999,1,2,2,40,13,19,1,1
999,2,2,2,38,12,19,1,1
1000,1,2,1,27,11,15,1,1
1000,2,2,1,26,10,15,1,1
1001,1,2,1,19,9,13,1,1
1001,2,2,1,20,10,13,1,1
1002,1,2,2,24,10,14,1,1
1002,2,2,2,25,12,14,1,1
1003,1,2,2,33,13,15,2,1
1003,2,2,2,27,12,15,1,1
1004,1,2,1,64,11,15,1,1
1004,2,2,1,59,10,15,1,1
1005,1,2,1,45,9,16,1,1
1005,2,2,1,39,11,16,1,1
1006,1,2,2,41,9,13,2,1
1006,2,2,4,53,10,13,1,1
1007,1,2,3,56,11,6,6,1
1007,2,2,2,51,11,6,7,1
1008,1,2,2,20,10,1,1,1
1008,2,2,2,19,10,1,1,1
1009,1,2,4,46,11,13,1,1
1009,2,2,3,43,11,13,1,1
1010,1,2,4,47,10,11,6,1
1010,2,2,4,34,11,11,1,1
1011,1,2,2,44,5,13,6,1
1011,2,2,2,60,12,13,6,1
1012,1,2,1,50,12,13,4,1
1012,2,2,1,63,9,13,1,1
1013,1,2,1,37,10,1,1,1
1013,2,2,2,26,10,1,7,1
1014,1,2,3,33,10,99,1,1
1014,2,2,4,25,10,11,1,1
1015,1,2,1,30,13,17,1,1
1015,2,2,1,25,12,17,1,1
1016,1,2,1,30,10,16,1,1
1016,2,2,1,36,10,15,1,1
1017,1,2,1,54,12,10,2,1
1017,2,2,1,62,11,9,4,1
1018,1,2,2,38,10,13,2,1
1018,2,2,2,50,10,13,1,1
1019,1,2,2,49,9,13,1,1
1019,2,2,5,53,11,13,4,1
1020,1,2,2,44,10,10,1,1
1020,2,2,5,40,11,11,1,1
1021,1,2,1,38,11,12,1,1
1021,2,2,1,39,12,12,4,1
1022,1,2,2,27,9,9,4,1
1022,2,2,2,24,10,9,1,1
1023,1,2,1,52,10,15,1,1
1023,2,2,1,52,9,15,1,1
1024,1,2,1,42,10,13,1,1
1024,2,2,1,37,10,13,1,1
1025,1,2,1,53,10,11,1,1
1025,2,2,1,54,10,6,1,1
1026,1,2,2,61,13,19,2,1
1026,2,2,3,60,12,99,1,1
1027,1,2,2,48,7,3,4,1
1027,2,2,4,26,7,99,6,1
1028,1,2,1,43,12,12,1,1
1028,2,2,2,49,12,12,1,1
1029,1,2,1,57,12,9,6,1
1029,2,2,1,55,10,13,5,1
1030,1,2,1,55,9,10,1,1
1030,2,2,2,55,11,7,5,1
1031,1,2,2,56,12,9,6,1
1031,2,2,2,59,4,9,6,1
1032,1,2,1,44,10,11,1,1
1032,2,2,1,42,10,11,1,1
1033,1,2,2,60,13,17,1,1
1033,2,2,2,53,11,17,1,1
1034,1,2,2,44,11,13,1,1
1034,2,2,1,42,12,13,1,1
